{"cameraMode":{"drawMode":0,"name":"Shaded","section":"Shading Mode"},"sceneLighting":true,"audioPlay":false,"sceneViewState":{"showFog":true,"showMaterialUpdate":false,"showSkybox":false,"showFlares":true,"showImageEffects":true,"showParticleSystems":true},"in2DMode":false,"pivot":{"x":-4.8236541748046879,"y":1.5805339813232422,"z":-3.425107955932617},"rotation":{"x":0.22103679180145265,"y":0.013165346346795559,"z":-0.0029907452408224346,"w":0.9751721024513245},"size":12.003111839294434,"orthographic":false}